binomial,mean_inout,se_inout
Phocoena phocoena,294.759175540436,25.9889566466087
Grampus griseus,42.845416861353826,17.29133712798353
Ziphius cavirostris,1.9405558151202658,0.14689234106559218
Physeter macrocephalus,0.7912074450829004,0.04352948979753003
Megaptera novaeangliae,5.021655678117207,0.3496691366684676
Balaenoptera musculus,6.469803423545609,0.606851240483609
