binomial,mean_inout,se_inout
Phocoena phocoena,12.54221934053056,0.9893435667264906
Grampus griseus,3.9064388768278016,0.5381948536135494
Ziphius cavirostris,1.0175277244580345,0.09874681675327909
Physeter macrocephalus,0.7121383223661698,0.04680932139667229
Megaptera novaeangliae,5.014069963257591,0.4635143513274463
Balaenoptera musculus,6.157904577074978,0.5543509442151492
